program,chis_group,chis_estimate,chis_se,chis_n,acs_group,acs_estimate,acs_se,difference
medicaid,US_BORN,0.241402373359156,0.002930974714271312,15929,US_BORN,0.2696225338105704,0.001528551521946,-0.0282201604514144
medicaid,NATURALIZED,0.2807922725634161,0.008666876367847305,4115,LEGAL_IMMIGRANT,0.2854112059639565,0.0023472796868829,-0.004618933400540426
medicaid,NONCITIZEN,0.05876339744905987,0.00699074402404494,1627,LEGAL+ILLEGAL,0.285-0.321,,
food_stamps,US_BORN,0.3541913637714226,0.011457511739281563,3568,US_BORN,0.1599578257324023,0.0016931711708322,0.19423353803902027
food_stamps,NATURALIZED,0.2746880337623286,0.01762540995465439,1220,LEGAL_IMMIGRANT,0.166259620520377,0.0023034055488697,0.1084284132419516
food_stamps,NONCITIZEN,0.1902640805641783,0.019527440604317173,744,LEGAL+ILLEGAL,0.166-0.169,,
