source,year,program,group,estimate,se,ci_lower,ci_upper,n_unweighted,n_weighted
CHIS,2023,medicaid,US_BORN,0.241402373359156,0.002930974714271312,0.23565766291918422,0.24714708379912775,15929,19575154.64326515
CHIS,2023,medicaid,NATURALIZED,0.2807922725634161,0.008666876367847305,0.26380519488243537,0.29777935024439683,4115,5741731.630929723
CHIS,2023,medicaid,NONCITIZEN,0.05876339744905987,0.00699074402404494,0.045061539161931785,0.07246525573618795,1627,3894092.7258049585
CHIS,2023,medicaid,ALL,0.22479742227758687,0.001489139938836534,0.22187870799746726,0.22771613655770648,21671,29210978.999999836
CHIS,2023,food_stamps,US_BORN,0.3541913637714226,0.011457511739281563,0.3317346407624307,0.37664808678041445,3568,5001295.831521194
CHIS,2023,food_stamps,NATURALIZED,0.2746880337623286,0.01762540995465439,0.24014223025120598,0.3092338372734512,1220,1968344.5295411297
CHIS,2023,food_stamps,NONCITIZEN,0.1902640805641783,0.019527440604317173,0.15199029697971664,0.22853786414863994,744,1942924.5464600371
CHIS,2023,food_stamps,ALL,0.3008971334336815,0.008475340007728548,0.2842854670185336,0.31750879984882946,5532,8912564.907522362
